{
  "firstName": "Kuroko Tetsuya",	
  "lastName": "",	
  "handle": "phantomSixth",
	"profilePicture": "https://encrypted-tbn0.gstatic.com/images?q=tbn:ANd9GcRGBv3q1iB7_9sDod2bCjZLBRtWMPHNLkji_Vl8SJEAzHphiJf3haTYTFjQyJjkx_ns_ag&usqp=CAU", 	
  "bannerPicture": "https://www.gojinshi.com/wp-content/uploads/2020/08/Kuroko-no-Basket-Watch-Order-Guide.jpg",
	"bio": " Marvel and Anime weeb, tech enthusiast.",	
  "website": "youtube.com/webdevtv",
	"location": "Boston, MA",	
  "dateOfBirth": "November 8, 1965",
  "dateJoined": "April, 2009",
	"followingCount": 312,	
  "followersCount": 180

  }

