{
  "firstName": "Kuroko ",	
  "lastName": "Tetsuya",	
  "handle": "phantomSixth",
	"profilePicture": "https://upload.wikimedia.org/wikipedia/commons/e/e8/Tesla_logo.png", 	
  "bannerPicture": "https://www.gojinshi.com/wp-content/uploads/2020/08/Kuroko-no-Basket-Watch-Order-Guide.jpg",
	"bio": " Marvel and Anime weeb, tech enthusiast.",	
  "website": "youtube.com/webdevtv",
	"location": "Boston",	
  "dateOfBirth": "7/7/1968",
  "dateJoined": "4/2009",
	"followingCount": 312,	
  "followersCount": 180

  }

