[
    {
      "_id": "123",
      "topic": "Web Development",
      "userName": "ReactJS",
      "verified": false,
      "handle": "ReactJS",
      "time": "2h",
      "title": "React.js is a component based front end library that makes it very easy to build Single Page Applications or SPAs",
      "tweet": "Lorem ipsum dolor sit amet, consectetur adipiscing elit, sed do eiusmod tempor incididunt ut labore et dolore magna aliqua. Ut enim ad minim veniam, quis nostrud exercitation ullamco laboris nisi ut aliquip ex ea commodo consequat. Duis aute irure dolor in reprehenderit in voluptate velit esse cillum dolore eu fugiat nulla pariatur.",
      "attachments": {
        "video": "unKvMC3Y1kI"
      },
      "logo-image": "https://pbs.twimg.com/profile_images/446356636710363136/OYIaJ1KK.png",
      "avatar-image": "https://pbs.twimg.com/profile_images/446356636710363136/OYIaJ1KK.png",
      "stats": {
        "comments": 123,
        "retweets": 234,
        "likes": 345
      }
    },
    {
      "_id": "567",
      "topic": "Space",
      "userName": "SpaceX",
      "verified": false,
      "handle": "spacex",
      "title": "",
      "tweet": "Lorem ipsum dolor sit amet, consectetur adipiscing elit, sed do eiusmod tempor incididunt ut labore et dolore magna aliqua. Ut enim ad minim veniam, quis nostrud exercitation ullamco laboris nisi ut aliquip ex ea commodo consequat. Duis aute irure dolor in reprehenderit in voluptate velit esse cillum dolore eu fugiat nulla pariatur.",
      "attachments": {
        "image": ""
      },
      "time": "last month",
      "logo-image": "https://pbs.twimg.com/profile_images/1379432665611296780/0MRPQxyl_400x400.jpg",
      "avatar-image": "https://pbs.twimg.com/profile_images/1379432665611296780/0MRPQxyl_400x400.jpg",
      "tweets": "120K",
      "stats": {
        "comments": 123,
        "retweets": 234,
        "likes": 345
      }
    },
    {
      "_id": "234",
      "topic": "Space",
      "userName": "Scott Manley",
      "verified": true,
      "handle": "DJSnM",
      "published-date": "2020-12-10",
      "time": "1 day",
      "title": "JavaScript is programming language that can run on browsers as well as desktops",
      "tweet": "Lorem ipsum dolor sit amet, consectetur adipiscing elit, sed do eiusmod tempor incididunt ut labore et dolore magna aliqua. Ut enim ad minim veniam, quis nostrud exercitation ullamco laboris nisi ut aliquip ex ea commodo consequat. Duis aute irure dolor in reprehenderit in voluptate velit esse cillum dolore eu fugiat nulla pariatur.",
      "logo-image": "https://static01.nyt.com/images/2020/05/20/business/media/20xp-joerogan/20xp-joerogan-mobileMasterAt3x.jpg",
      "avatar-image": "https://static01.nyt.com/images/2020/05/20/business/media/20xp-joerogan/20xp-joerogan-mobileMasterAt3x.jpg",
      "tweets": "123K",
      "stats": {
        "comments": 123,
        "retweets": 234,
        "likes": 345
      }
    },
    {
      "_id": "345",
      "topic": "Web Development",
      "userName": "jQuery",
      "verified": false,
      "handle": "jQuery",
      "title": "jQuery",
      "tweet": "Lorem ipsum dolor sit amet, consectetur adipiscing elit, sed do eiusmod tempor incididunt ut labore et dolore magna aliqua. Ut enim ad minim veniam, quis nostrud exercitation ullamco laboris nisi ut aliquip ex ea commodo consequat. Duis aute irure dolor in reprehenderit in voluptate velit esse cillum dolore eu fugiat nulla pariatur.",
      "time": "last week",
      "logo-image": "https://openjsf.org/wp-content/uploads/sites/84/2019/10/jquery-logo-vertical_large_square.png",
      "avatar-image": "https://openjsf.org/wp-content/uploads/sites/84/2019/10/jquery-logo-vertical_large_square.png",
      "tweets": "122K",
      "stats": {
        "comments": 123,
        "retweets": 234,
        "likes": 345
      }
    },
    {
      "_id": "456",
      "topic": "Web Development",
      "userName": "NodeJS",
      "verified": true,
      "handle": "NodeJS",
      "title": "",
      "tweet": "Lorem ipsum dolor sit amet, consectetur adipiscing elit, sed do eiusmod tempor incididunt ut labore et dolore magna aliqua. Ut enim ad minim veniam, quis nostrud exercitation ullamco laboris nisi ut aliquip ex ea commodo consequat. Duis aute irure dolor in reprehenderit in voluptate velit esse cillum dolore eu fugiat nulla pariatur.",
      "time": "last month",
      "logo-image": "https://seeklogo.com/images/N/nodejs-logo-FBE122E377-seeklogo.com.png",
      "avatar-image": "https://seeklogo.com/images/N/nodejs-logo-FBE122E377-seeklogo.com.png",
      "tweets": "120K",
      "stats": {
        "comments": 123,
        "retweets": 234,
        "likes": 345
      }
    }
  ]